"filename", "language", "Markdown", "JSON", "Log", "SCSS", "HTML", "TypeScript", "JavaScript", "PHP", "XML", "CSS", "comment", "blank", "total"
"f:\Project\工作文件夹\MiraiTravel\.github\ISSUE_TEMPLATE\bug_report.md", "Markdown", 30, 0, 0, 0, 0, 0, 0, 0, 0, 0, 0, 9, 39
"f:\Project\工作文件夹\MiraiTravel\.github\ISSUE_TEMPLATE\feature_request.md", "Markdown", 15, 0, 0, 0, 0, 0, 0, 0, 0, 0, 0, 6, 21
"f:\Project\工作文件夹\MiraiTravel\Adapter\QQ\miraiAdapter\basic\QQObjTrait.php", "PHP", 0, 0, 0, 0, 0, 0, 0, 377, 0, 0, 144, 40, 561
"f:\Project\工作文件夹\MiraiTravel\Adapter\QQ\miraiAdapter\basic\httpAdapter.php", "PHP", 0, 0, 0, 0, 0, 0, 0, 94, 0, 0, 10, 12, 116
"f:\Project\工作文件夹\MiraiTravel\Adapter\QQ\miraiAdapter\basic\messageChain.php", "PHP", 0, 0, 0, 0, 0, 0, 0, 135, 0, 0, 56, 23, 214
"f:\Project\工作文件夹\MiraiTravel\Adapter\QQ\miraiAdapter\basic\miraiApiHttp.php", "PHP", 0, 0, 0, 0, 0, 0, 0, 286, 0, 0, 172, 52, 510
"f:\Project\工作文件夹\MiraiTravel\Adapter\QQ\miraiAdapter\basic\president.php", "PHP", 0, 0, 0, 0, 0, 0, 0, 19, 0, 0, 8, 6, 33
"f:\Project\工作文件夹\MiraiTravel\Adapter\QQ\miraiAdapter\basic\qqObj.php", "PHP", 0, 0, 0, 0, 0, 0, 0, 8, 0, 0, 3, 4, 15
"f:\Project\工作文件夹\MiraiTravel\Adapter\QQ\miraiAdapter\basic\webhookAdapter.php", "PHP", 0, 0, 0, 0, 0, 0, 0, 32, 0, 0, 17, 9, 58
"f:\Project\工作文件夹\MiraiTravel\Adapter\QQ\miraiAdapter\config.json", "JSON", 0, 10, 0, 0, 0, 0, 0, 0, 0, 0, 0, 0, 10
"f:\Project\工作文件夹\MiraiTravel\Adapter\QQ\miraiAdapter\easyQQ\easyQQ.php", "PHP", 0, 0, 0, 0, 0, 0, 0, 34, 0, 0, 11, 5, 50
"f:\Project\工作文件夹\MiraiTravel\Adapter\QQ\miraiAdapter\mirai.php", "PHP", 0, 0, 0, 0, 0, 0, 0, 9, 0, 0, 4, 2, 15
"f:\Project\工作文件夹\MiraiTravel\Adapter\QQ\miraiAdapter\webhook\webhook.php", "PHP", 0, 0, 0, 0, 0, 0, 0, 48, 0, 0, 19, 6, 73
"f:\Project\工作文件夹\MiraiTravel\Adapter\QQ\onebotAapter\config.json", "JSON", 0, 0, 0, 0, 0, 0, 0, 0, 0, 0, 0, 1, 1
"f:\Project\工作文件夹\MiraiTravel\Adapter\QQ\onebotAapter\onebot.php", "PHP", 0, 0, 0, 0, 0, 0, 0, 0, 0, 0, 0, 1, 1
"f:\Project\工作文件夹\MiraiTravel\Adapter\QQ\standard\basic\President.php", "PHP", 0, 0, 0, 0, 0, 0, 0, 22, 0, 0, 19, 10, 51
"f:\Project\工作文件夹\MiraiTravel\Adapter\QQ\standard\basic\QQObj.php", "PHP", 0, 0, 0, 0, 0, 0, 0, 6, 0, 0, 0, 3, 9
"f:\Project\工作文件夹\MiraiTravel\Adapter\QQ\standard\basic\QQObjInterface.php", "PHP", 0, 0, 0, 0, 0, 0, 0, 47, 0, 0, 193, 39, 279
"f:\Project\工作文件夹\MiraiTravel\Adapter\QQ\standard\basic\QQObjManager.php", "PHP", 0, 0, 0, 0, 0, 0, 0, 54, 0, 0, 14, 9, 77
"f:\Project\工作文件夹\MiraiTravel\Adapter\QQ\standard\basic\QQObjTrait.php", "PHP", 0, 0, 0, 0, 0, 0, 0, 70, 0, 0, 174, 41, 285
"f:\Project\工作文件夹\MiraiTravel\Adapter\QQ\standard\basic\messageChain.php", "PHP", 0, 0, 0, 0, 0, 0, 0, 21, 0, 0, 56, 16, 93
"f:\Project\工作文件夹\MiraiTravel\Adapter\QQ\standard\easyQQ\easyQQ.php", "PHP", 0, 0, 0, 0, 0, 0, 0, 42, 0, 0, 11, 8, 61
"f:\Project\工作文件夹\MiraiTravel\Adapter\QQ\standard\webhook.php\webhook.php", "PHP", 0, 0, 0, 0, 0, 0, 0, 34, 0, 0, 11, 7, 52
"f:\Project\工作文件夹\MiraiTravel\CODE_OF_CONDUCT.md", "Markdown", 93, 0, 0, 0, 0, 0, 0, 0, 0, 0, 0, 36, 129
"f:\Project\工作文件夹\MiraiTravel\CONTRIBUTING.md", "Markdown", 3, 0, 0, 0, 0, 0, 0, 0, 0, 0, 0, 3, 6
"f:\Project\工作文件夹\MiraiTravel\MiraiTravel.php", "PHP", 0, 0, 0, 0, 0, 0, 0, 6, 0, 0, 4, 6, 16
"f:\Project\工作文件夹\MiraiTravel\README.md", "Markdown", 55, 0, 0, 0, 0, 0, 0, 0, 0, 0, 0, 13, 68
"f:\Project\工作文件夹\MiraiTravel\VSCodeCounter\2023-02-06_08-41-06\details.md", "Markdown", 50, 0, 0, 0, 0, 0, 0, 0, 0, 0, 0, 6, 56
"f:\Project\工作文件夹\MiraiTravel\VSCodeCounter\2023-02-06_08-41-06\diff-details.md", "Markdown", 19, 0, 0, 0, 0, 0, 0, 0, 0, 0, 0, 6, 25
"f:\Project\工作文件夹\MiraiTravel\VSCodeCounter\2023-02-06_08-41-06\diff.md", "Markdown", 25, 0, 0, 0, 0, 0, 0, 0, 0, 0, 0, 7, 32
"f:\Project\工作文件夹\MiraiTravel\VSCodeCounter\2023-02-06_08-41-06\results.json", "JSON", 0, 1, 0, 0, 0, 0, 0, 0, 0, 0, 0, 0, 1
"f:\Project\工作文件夹\MiraiTravel\VSCodeCounter\2023-02-06_08-41-06\results.md", "Markdown", 41, 0, 0, 0, 0, 0, 0, 0, 0, 0, 0, 7, 48
"f:\Project\工作文件夹\MiraiTravel\VSCodeCounter\2023-02-10_12-34-54\details.md", "Markdown", 50, 0, 0, 0, 0, 0, 0, 0, 0, 0, 0, 6, 56
"f:\Project\工作文件夹\MiraiTravel\VSCodeCounter\2023-02-10_12-34-54\diff-details.md", "Markdown", 11, 0, 0, 0, 0, 0, 0, 0, 0, 0, 0, 6, 17
"f:\Project\工作文件夹\MiraiTravel\VSCodeCounter\2023-02-10_12-34-54\diff.md", "Markdown", 19, 0, 0, 0, 0, 0, 0, 0, 0, 0, 0, 7, 26
"f:\Project\工作文件夹\MiraiTravel\VSCodeCounter\2023-02-10_12-34-54\results.json", "JSON", 0, 1, 0, 0, 0, 0, 0, 0, 0, 0, 0, 0, 1
"f:\Project\工作文件夹\MiraiTravel\VSCodeCounter\2023-02-10_12-34-54\results.md", "Markdown", 41, 0, 0, 0, 0, 0, 0, 0, 0, 0, 0, 7, 48
"f:\Project\工作文件夹\MiraiTravel\VSCodeCounter\2023-02-10_19-54-34\details.md", "Markdown", 50, 0, 0, 0, 0, 0, 0, 0, 0, 0, 0, 6, 56
"f:\Project\工作文件夹\MiraiTravel\VSCodeCounter\2023-02-10_19-54-34\diff-details.md", "Markdown", 12, 0, 0, 0, 0, 0, 0, 0, 0, 0, 0, 6, 18
"f:\Project\工作文件夹\MiraiTravel\VSCodeCounter\2023-02-10_19-54-34\diff.md", "Markdown", 20, 0, 0, 0, 0, 0, 0, 0, 0, 0, 0, 7, 27
"f:\Project\工作文件夹\MiraiTravel\VSCodeCounter\2023-02-10_19-54-34\results.json", "JSON", 0, 1, 0, 0, 0, 0, 0, 0, 0, 0, 0, 0, 1
"f:\Project\工作文件夹\MiraiTravel\VSCodeCounter\2023-02-10_19-54-34\results.md", "Markdown", 41, 0, 0, 0, 0, 0, 0, 0, 0, 0, 0, 7, 48
"f:\Project\工作文件夹\MiraiTravel\VSCodeCounter\2023-02-19_13-45-01\details.md", "Markdown", 57, 0, 0, 0, 0, 0, 0, 0, 0, 0, 0, 6, 63
"f:\Project\工作文件夹\MiraiTravel\VSCodeCounter\2023-02-19_13-45-01\diff-details.md", "Markdown", 26, 0, 0, 0, 0, 0, 0, 0, 0, 0, 0, 6, 32
"f:\Project\工作文件夹\MiraiTravel\VSCodeCounter\2023-02-19_13-45-01\diff.md", "Markdown", 33, 0, 0, 0, 0, 0, 0, 0, 0, 0, 0, 7, 40
"f:\Project\工作文件夹\MiraiTravel\VSCodeCounter\2023-02-19_13-45-01\results.json", "JSON", 0, 1, 0, 0, 0, 0, 0, 0, 0, 0, 0, 0, 1
"f:\Project\工作文件夹\MiraiTravel\VSCodeCounter\2023-02-19_13-45-01\results.md", "Markdown", 44, 0, 0, 0, 0, 0, 0, 0, 0, 0, 0, 7, 51
"f:\Project\工作文件夹\MiraiTravel\VSCodeCounter\2023-03-08_22-06-18\details.md", "Markdown", 58, 0, 0, 0, 0, 0, 0, 0, 0, 0, 0, 6, 64
"f:\Project\工作文件夹\MiraiTravel\VSCodeCounter\2023-03-08_22-06-18\diff-details.md", "Markdown", 16, 0, 0, 0, 0, 0, 0, 0, 0, 0, 0, 6, 22
"f:\Project\工作文件夹\MiraiTravel\VSCodeCounter\2023-03-08_22-06-18\diff.md", "Markdown", 20, 0, 0, 0, 0, 0, 0, 0, 0, 0, 0, 7, 27
"f:\Project\工作文件夹\MiraiTravel\VSCodeCounter\2023-03-08_22-06-18\results.json", "JSON", 0, 1, 0, 0, 0, 0, 0, 0, 0, 0, 0, 0, 1
"f:\Project\工作文件夹\MiraiTravel\VSCodeCounter\2023-03-08_22-06-18\results.md", "Markdown", 44, 0, 0, 0, 0, 0, 0, 0, 0, 0, 0, 7, 51
"f:\Project\工作文件夹\MiraiTravel\VSCodeCounter\2023-03-27_13-12-04\details.md", "Markdown", 69, 0, 0, 0, 0, 0, 0, 0, 0, 0, 0, 6, 75
"f:\Project\工作文件夹\MiraiTravel\VSCodeCounter\2023-03-27_13-12-04\diff-details.md", "Markdown", 57, 0, 0, 0, 0, 0, 0, 0, 0, 0, 0, 6, 63
"f:\Project\工作文件夹\MiraiTravel\VSCodeCounter\2023-03-27_13-12-04\diff.md", "Markdown", 59, 0, 0, 0, 0, 0, 0, 0, 0, 0, 0, 7, 66
"f:\Project\工作文件夹\MiraiTravel\VSCodeCounter\2023-03-27_13-12-04\results.json", "JSON", 0, 1, 0, 0, 0, 0, 0, 0, 0, 0, 0, 0, 1
"f:\Project\工作文件夹\MiraiTravel\VSCodeCounter\2023-03-27_13-12-04\results.md", "Markdown", 60, 0, 0, 0, 0, 0, 0, 0, 0, 0, 0, 7, 67
"f:\Project\工作文件夹\MiraiTravel\VSCodeCounter\2023-03-31_16-20-36\details.md", "Markdown", 90, 0, 0, 0, 0, 0, 0, 0, 0, 0, 0, 6, 96
"f:\Project\工作文件夹\MiraiTravel\VSCodeCounter\2023-03-31_16-20-36\diff-details.md", "Markdown", 9, 0, 0, 0, 0, 0, 0, 0, 0, 0, 0, 6, 15
"f:\Project\工作文件夹\MiraiTravel\VSCodeCounter\2023-03-31_16-20-36\diff.md", "Markdown", 12, 0, 0, 0, 0, 0, 0, 0, 0, 0, 0, 7, 19
"f:\Project\工作文件夹\MiraiTravel\VSCodeCounter\2023-03-31_16-20-36\results.json", "JSON", 0, 1, 0, 0, 0, 0, 0, 0, 0, 0, 0, 0, 1
"f:\Project\工作文件夹\MiraiTravel\VSCodeCounter\2023-03-31_16-20-36\results.md", "Markdown", 72, 0, 0, 0, 0, 0, 0, 0, 0, 0, 0, 7, 79
"f:\Project\工作文件夹\MiraiTravel\VSCodeCounter\2023-04-02_15-53-47\details.md", "Markdown", 96, 0, 0, 0, 0, 0, 0, 0, 0, 0, 0, 6, 102
"f:\Project\工作文件夹\MiraiTravel\VSCodeCounter\2023-04-02_15-53-47\diff-details.md", "Markdown", 54, 0, 0, 0, 0, 0, 0, 0, 0, 0, 0, 6, 60
"f:\Project\工作文件夹\MiraiTravel\VSCodeCounter\2023-04-02_15-53-47\diff.md", "Markdown", 50, 0, 0, 0, 0, 0, 0, 0, 0, 0, 0, 7, 57
"f:\Project\工作文件夹\MiraiTravel\VSCodeCounter\2023-04-02_15-53-47\results.json", "JSON", 0, 1, 0, 0, 0, 0, 0, 0, 0, 0, 0, 0, 1
"f:\Project\工作文件夹\MiraiTravel\VSCodeCounter\2023-04-02_15-53-47\results.md", "Markdown", 69, 0, 0, 0, 0, 0, 0, 0, 0, 0, 0, 7, 76
"f:\Project\工作文件夹\MiraiTravel\VSCodeCounter\2023-04-03_16-48-00\details.md", "Markdown", 96, 0, 0, 0, 0, 0, 0, 0, 0, 0, 0, 6, 102
"f:\Project\工作文件夹\MiraiTravel\VSCodeCounter\2023-04-03_16-48-00\diff-details.md", "Markdown", 59, 0, 0, 0, 0, 0, 0, 0, 0, 0, 0, 6, 65
"f:\Project\工作文件夹\MiraiTravel\VSCodeCounter\2023-04-03_16-48-00\diff.md", "Markdown", 52, 0, 0, 0, 0, 0, 0, 0, 0, 0, 0, 7, 59
"f:\Project\工作文件夹\MiraiTravel\VSCodeCounter\2023-04-03_16-48-00\results.json", "JSON", 0, 1, 0, 0, 0, 0, 0, 0, 0, 0, 0, 0, 1
"f:\Project\工作文件夹\MiraiTravel\VSCodeCounter\2023-04-03_16-48-00\results.md", "Markdown", 70, 0, 0, 0, 0, 0, 0, 0, 0, 0, 0, 7, 77
"f:\Project\工作文件夹\MiraiTravel\VSCodeCounter\2023-04-03_21-51-17\details.md", "Markdown", 96, 0, 0, 0, 0, 0, 0, 0, 0, 0, 0, 6, 102
"f:\Project\工作文件夹\MiraiTravel\VSCodeCounter\2023-04-03_21-51-17\diff-details.md", "Markdown", 16, 0, 0, 0, 0, 0, 0, 0, 0, 0, 0, 6, 22
"f:\Project\工作文件夹\MiraiTravel\VSCodeCounter\2023-04-03_21-51-17\diff.md", "Markdown", 17, 0, 0, 0, 0, 0, 0, 0, 0, 0, 0, 7, 24
"f:\Project\工作文件夹\MiraiTravel\VSCodeCounter\2023-04-03_21-51-17\results.json", "JSON", 0, 1, 0, 0, 0, 0, 0, 0, 0, 0, 0, 0, 1
"f:\Project\工作文件夹\MiraiTravel\VSCodeCounter\2023-04-03_21-51-17\results.md", "Markdown", 70, 0, 0, 0, 0, 0, 0, 0, 0, 0, 0, 7, 77
"f:\Project\工作文件夹\MiraiTravel\VSCodeCounter\2023-04-06_15-54-39\details.md", "Markdown", 267, 0, 0, 0, 0, 0, 0, 0, 0, 0, 0, 6, 273
"f:\Project\工作文件夹\MiraiTravel\VSCodeCounter\2023-04-06_15-54-39\diff-details.md", "Markdown", 354, 0, 0, 0, 0, 0, 0, 0, 0, 0, 0, 6, 360
"f:\Project\工作文件夹\MiraiTravel\VSCodeCounter\2023-04-06_15-54-39\diff.md", "Markdown", 247, 0, 0, 0, 0, 0, 0, 0, 0, 0, 0, 7, 254
"f:\Project\工作文件夹\MiraiTravel\VSCodeCounter\2023-04-06_15-54-39\results.json", "JSON", 0, 1, 0, 0, 0, 0, 0, 0, 0, 0, 0, 0, 1
"f:\Project\工作文件夹\MiraiTravel\VSCodeCounter\2023-04-06_15-54-39\results.md", "Markdown", 192, 0, 0, 0, 0, 0, 0, 0, 0, 0, 0, 7, 199
"f:\Project\工作文件夹\MiraiTravel\core\Adapter.php", "PHP", 0, 0, 0, 0, 0, 0, 0, 1, 0, 0, 3, 5, 9
"f:\Project\工作文件夹\MiraiTravel\core\AdapterSystem.php", "PHP", 0, 0, 0, 0, 0, 0, 0, 46, 0, 0, 28, 13, 87
"f:\Project\工作文件夹\MiraiTravel\core\Component.class.php", "PHP", 0, 0, 0, 0, 0, 0, 0, 40, 0, 0, 22, 14, 76
"f:\Project\工作文件夹\MiraiTravel\core\ComponentSystem.php", "PHP", 0, 0, 0, 0, 0, 0, 0, 13, 0, 0, 27, 8, 48
"f:\Project\工作文件夹\MiraiTravel\core\DataSystem.class.php", "PHP", 0, 0, 0, 0, 0, 0, 0, 98, 0, 0, 21, 11, 130
"f:\Project\工作文件夹\MiraiTravel\core\LogSystem.php", "PHP", 0, 0, 0, 0, 0, 0, 0, 198, 0, 0, 72, 32, 302
"f:\Project\工作文件夹\MiraiTravel\core\MiraiSoftware.class.php", "PHP", 0, 0, 0, 0, 0, 0, 0, 9, 0, 0, 6, 2, 17
"f:\Project\工作文件夹\MiraiTravel\core\MiraiTravel.class.php", "PHP", 0, 0, 0, 0, 0, 0, 0, 192, 0, 0, 43, 22, 257
"f:\Project\工作文件夹\MiraiTravel\core\Plugin.class.php", "PHP", 0, 0, 0, 0, 0, 0, 0, 23, 0, 0, 12, 10, 45
"f:\Project\工作文件夹\MiraiTravel\core\PluginSystem.php", "PHP", 0, 0, 0, 0, 0, 0, 0, 87, 0, 0, 35, 25, 147
"f:\Project\工作文件夹\MiraiTravel\core\ScriptSystem.php", "PHP", 0, 0, 0, 0, 0, 0, 0, 44, 0, 0, 13, 9, 66
"f:\Project\工作文件夹\MiraiTravel\core\loadMiraiTravel.php", "PHP", 0, 0, 0, 0, 0, 0, 0, 64, 0, 0, 16, 15, 95
"f:\Project\工作文件夹\MiraiTravel\core\miraiTravelSoftware\Config.php", "PHP", 0, 0, 0, 0, 0, 0, 0, 125, 0, 0, 4, 15, 144
"f:\Project\工作文件夹\MiraiTravel\core\miraiTravelSoftware\Help.php", "PHP", 0, 0, 0, 0, 0, 0, 0, 26, 0, 0, 5, 8, 39
"f:\Project\工作文件夹\MiraiTravel\core\miraiTravelSoftware\Plugins.php", "PHP", 0, 0, 0, 0, 0, 0, 0, 55, 0, 0, 3, 8, 66
"f:\Project\工作文件夹\MiraiTravel\core\miraiTravelSoftware\QqBot.php", "PHP", 0, 0, 0, 0, 0, 0, 0, 96, 0, 0, 4, 10, 110
"f:\Project\工作文件夹\MiraiTravel\core\miraiTravelSoftware\Stay.php", "PHP", 0, 0, 0, 0, 0, 0, 0, 140, 0, 0, 15, 28, 183
"f:\Project\工作文件夹\MiraiTravel\core\miraiTravelSoftware\Stay\Connection\ConnectionInterface.php", "PHP", 0, 0, 0, 0, 0, 0, 0, 25, 0, 0, 87, 15, 127
"f:\Project\工作文件夹\MiraiTravel\core\miraiTravelSoftware\Stay\Connection\TcpConnection.php", "PHP", 0, 0, 0, 0, 0, 0, 0, 449, 0, 0, 410, 84, 943
"f:\Project\工作文件夹\MiraiTravel\core\miraiTravelSoftware\Stay\Events\EventInterface.php", "PHP", 0, 0, 0, 0, 0, 0, 0, 17, 0, 0, 78, 13, 108
"f:\Project\工作文件夹\MiraiTravel\core\miraiTravelSoftware\Stay\Events\Select.php", "PHP", 0, 0, 0, 0, 0, 0, 0, 216, 0, 0, 108, 33, 357
"f:\Project\工作文件夹\MiraiTravel\core\miraiTravelSoftware\Stay\Protocols\Http.php", "PHP", 0, 0, 0, 0, 0, 0, 0, 210, 0, 0, 89, 25, 324
"f:\Project\工作文件夹\MiraiTravel\core\miraiTravelSoftware\Stay\Protocols\Http\Chunk.php", "PHP", 0, 0, 0, 0, 0, 0, 0, 14, 0, 0, 30, 4, 48
"f:\Project\工作文件夹\MiraiTravel\core\miraiTravelSoftware\Stay\Protocols\Http\Request.php", "PHP", 0, 0, 0, 0, 0, 0, 0, 406, 0, 0, 228, 46, 680
"f:\Project\工作文件夹\MiraiTravel\core\miraiTravelSoftware\Stay\Protocols\Http\Response.php", "PHP", 0, 0, 0, 0, 0, 0, 0, 244, 0, 0, 176, 39, 459
"f:\Project\工作文件夹\MiraiTravel\core\miraiTravelSoftware\Stay\Protocols\Http\ServerSentEvents.php", "PHP", 0, 0, 0, 0, 0, 0, 0, 31, 0, 0, 30, 3, 64
"f:\Project\工作文件夹\MiraiTravel\core\miraiTravelSoftware\Stay\Protocols\Http\Session.php", "PHP", 0, 0, 0, 0, 0, 0, 0, 180, 0, 0, 216, 46, 442
"f:\Project\工作文件夹\MiraiTravel\core\miraiTravelSoftware\Stay\Protocols\Http\Session\FileSessionHandler.php", "PHP", 0, 0, 0, 0, 0, 0, 0, 92, 0, 0, 76, 15, 183
"f:\Project\工作文件夹\MiraiTravel\core\miraiTravelSoftware\Stay\Protocols\Http\Session\RedisClusterSessionHandler.php", "PHP", 0, 0, 0, 0, 0, 0, 0, 26, 0, 0, 15, 6, 47
"f:\Project\工作文件夹\MiraiTravel\core\miraiTravelSoftware\Stay\Protocols\Http\Session\RedisSessionHandler.php", "PHP", 0, 0, 0, 0, 0, 0, 0, 80, 0, 0, 55, 20, 155
"f:\Project\工作文件夹\MiraiTravel\core\miraiTravelSoftware\Stay\Protocols\Http\Session\SessionHandlerInterface.php", "PHP", 0, 0, 0, 0, 0, 0, 0, 12, 0, 0, 93, 11, 116
"f:\Project\工作文件夹\MiraiTravel\core\miraiTravelSoftware\Stay\loder.php", "PHP", 0, 0, 0, 0, 0, 0, 0, 51, 0, 0, 0, 7, 58
"f:\Project\工作文件夹\MiraiTravel\core\miraiTravelSoftware\Stay\test.php", "PHP", 0, 0, 0, 0, 0, 0, 0, 66, 0, 0, 0, 12, 78
"f:\Project\工作文件夹\MiraiTravel\docs\404.html", "HTML", 0, 0, 0, 0, 33, 0, 0, 0, 0, 0, 0, 1, 34
"f:\Project\工作文件夹\MiraiTravel\docs\announcement\index.html", "HTML", 0, 0, 0, 0, 33, 0, 0, 0, 0, 0, 0, 1, 34
"f:\Project\工作文件夹\MiraiTravel\docs\assets\404.html-60b35caa.js", "JavaScript", 0, 0, 0, 0, 0, 0, 1, 0, 0, 0, 0, 1, 2
"f:\Project\工作文件夹\MiraiTravel\docs\assets\404.html-87d54bd8.js", "JavaScript", 0, 0, 0, 0, 0, 0, 1, 0, 0, 0, 0, 1, 2
"f:\Project\工作文件夹\MiraiTravel\docs\assets\QQObjInterface.html-34d0b8cf.js", "JavaScript", 0, 0, 0, 0, 0, 0, 1, 0, 0, 0, 0, 1, 2
"f:\Project\工作文件夹\MiraiTravel\docs\assets\QQObjInterface.html-3946d2b3.js", "JavaScript", 0, 0, 0, 0, 0, 0, 1, 0, 0, 0, 0, 1, 2
"f:\Project\工作文件夹\MiraiTravel\docs\assets\QQObjInterface.html-4742ce54.js", "JavaScript", 0, 0, 0, 0, 0, 0, 28, 0, 0, 0, 0, 1, 29
"f:\Project\工作文件夹\MiraiTravel\docs\assets\app-2d1dd446.js", "JavaScript", 0, 0, 0, 0, 0, 0, 4, 0, 0, 0, 2, 1, 7
"f:\Project\工作文件夹\MiraiTravel\docs\assets\app-503d356b.js", "JavaScript", 0, 0, 0, 0, 0, 0, 4, 0, 0, 0, 2, 1, 7
"f:\Project\工作文件夹\MiraiTravel\docs\assets\app-b3a2f296.js", "JavaScript", 0, 0, 0, 0, 0, 0, 4, 0, 0, 0, 2, 1, 7
"f:\Project\工作文件夹\MiraiTravel\docs\assets\app-c20e32d6.js", "JavaScript", 0, 0, 0, 0, 0, 0, 4, 0, 0, 0, 2, 1, 7
"f:\Project\工作文件夹\MiraiTravel\docs\assets\app-ceca3015.js", "JavaScript", 0, 0, 0, 0, 0, 0, 4, 0, 0, 0, 2, 1, 7
"f:\Project\工作文件夹\MiraiTravel\docs\assets\app-e1fdcaeb.js", "JavaScript", 0, 0, 0, 0, 0, 0, 4, 0, 0, 0, 2, 1, 7
"f:\Project\工作文件夹\MiraiTravel\docs\assets\back-to-top-8efcbe56.svg", "XML", 0, 0, 0, 0, 0, 0, 0, 0, 1, 0, 0, 0, 1
"f:\Project\工作文件夹\MiraiTravel\docs\assets\framework-5866ffd3.js", "JavaScript", 0, 0, 0, 0, 0, 0, 2, 0, 0, 0, 3, 1, 6
"f:\Project\工作文件夹\MiraiTravel\docs\assets\index.html-006ed654.js", "JavaScript", 0, 0, 0, 0, 0, 0, 1, 0, 0, 0, 0, 1, 2
"f:\Project\工作文件夹\MiraiTravel\docs\assets\index.html-0151b5c0.js", "JavaScript", 0, 0, 0, 0, 0, 0, 1, 0, 0, 0, 0, 1, 2
"f:\Project\工作文件夹\MiraiTravel\docs\assets\index.html-05fa7959.js", "JavaScript", 0, 0, 0, 0, 0, 0, 1, 0, 0, 0, 0, 1, 2
"f:\Project\工作文件夹\MiraiTravel\docs\assets\index.html-063dc5be.js", "JavaScript", 0, 0, 0, 0, 0, 0, 1, 0, 0, 0, 0, 1, 2
"f:\Project\工作文件夹\MiraiTravel\docs\assets\index.html-08d55b2c.js", "JavaScript", 0, 0, 0, 0, 0, 0, 1, 0, 0, 0, 0, 1, 2
"f:\Project\工作文件夹\MiraiTravel\docs\assets\index.html-1030526b.js", "JavaScript", 0, 0, 0, 0, 0, 0, 1, 0, 0, 0, 0, 1, 2
"f:\Project\工作文件夹\MiraiTravel\docs\assets\index.html-12c7ae2c.js", "JavaScript", 0, 0, 0, 0, 0, 0, 1, 0, 0, 0, 0, 1, 2
"f:\Project\工作文件夹\MiraiTravel\docs\assets\index.html-14b1ec43.js", "JavaScript", 0, 0, 0, 0, 0, 0, 1, 0, 0, 0, 0, 1, 2
"f:\Project\工作文件夹\MiraiTravel\docs\assets\index.html-180218c6.js", "JavaScript", 0, 0, 0, 0, 0, 0, 1, 0, 0, 0, 0, 1, 2
"f:\Project\工作文件夹\MiraiTravel\docs\assets\index.html-1900d3f1.js", "JavaScript", 0, 0, 0, 0, 0, 0, 1, 0, 0, 0, 0, 1, 2
"f:\Project\工作文件夹\MiraiTravel\docs\assets\index.html-1b43e113.js", "JavaScript", 0, 0, 0, 0, 0, 0, 1, 0, 0, 0, 0, 1, 2
"f:\Project\工作文件夹\MiraiTravel\docs\assets\index.html-1b7dba97.js", "JavaScript", 0, 0, 0, 0, 0, 0, 1, 0, 0, 0, 0, 1, 2
"f:\Project\工作文件夹\MiraiTravel\docs\assets\index.html-1c0b3fa4.js", "JavaScript", 0, 0, 0, 0, 0, 0, 1, 0, 0, 0, 0, 1, 2
"f:\Project\工作文件夹\MiraiTravel\docs\assets\index.html-2752a82c.js", "JavaScript", 0, 0, 0, 0, 0, 0, 1, 0, 0, 0, 0, 1, 2
"f:\Project\工作文件夹\MiraiTravel\docs\assets\index.html-28833974.js", "JavaScript", 0, 0, 0, 0, 0, 0, 1, 0, 0, 0, 0, 1, 2
"f:\Project\工作文件夹\MiraiTravel\docs\assets\index.html-2ca9e96a.js", "JavaScript", 0, 0, 0, 0, 0, 0, 1, 0, 0, 0, 0, 1, 2
"f:\Project\工作文件夹\MiraiTravel\docs\assets\index.html-32fd6796.js", "JavaScript", 0, 0, 0, 0, 0, 0, 1, 0, 0, 0, 0, 1, 2
"f:\Project\工作文件夹\MiraiTravel\docs\assets\index.html-38d2e2dc.js", "JavaScript", 0, 0, 0, 0, 0, 0, 1, 0, 0, 0, 0, 1, 2
"f:\Project\工作文件夹\MiraiTravel\docs\assets\index.html-3943e543.js", "JavaScript", 0, 0, 0, 0, 0, 0, 1, 0, 0, 0, 0, 1, 2
"f:\Project\工作文件夹\MiraiTravel\docs\assets\index.html-39784d5d.js", "JavaScript", 0, 0, 0, 0, 0, 0, 1, 0, 0, 0, 0, 1, 2
"f:\Project\工作文件夹\MiraiTravel\docs\assets\index.html-3a922c68.js", "JavaScript", 0, 0, 0, 0, 0, 0, 1, 0, 0, 0, 0, 1, 2
"f:\Project\工作文件夹\MiraiTravel\docs\assets\index.html-46110cad.js", "JavaScript", 0, 0, 0, 0, 0, 0, 1, 0, 0, 0, 0, 1, 2
"f:\Project\工作文件夹\MiraiTravel\docs\assets\index.html-499dad9a.js", "JavaScript", 0, 0, 0, 0, 0, 0, 1, 0, 0, 0, 0, 1, 2
"f:\Project\工作文件夹\MiraiTravel\docs\assets\index.html-4ac644ba.js", "JavaScript", 0, 0, 0, 0, 0, 0, 1, 0, 0, 0, 0, 1, 2
"f:\Project\工作文件夹\MiraiTravel\docs\assets\index.html-4e5ff101.js", "JavaScript", 0, 0, 0, 0, 0, 0, 1, 0, 0, 0, 0, 1, 2
"f:\Project\工作文件夹\MiraiTravel\docs\assets\index.html-4f4f12e8.js", "JavaScript", 0, 0, 0, 0, 0, 0, 1, 0, 0, 0, 0, 1, 2
"f:\Project\工作文件夹\MiraiTravel\docs\assets\index.html-5d7f593c.js", "JavaScript", 0, 0, 0, 0, 0, 0, 1, 0, 0, 0, 0, 1, 2
"f:\Project\工作文件夹\MiraiTravel\docs\assets\index.html-5f4d207d.js", "JavaScript", 0, 0, 0, 0, 0, 0, 1, 0, 0, 0, 0, 1, 2
"f:\Project\工作文件夹\MiraiTravel\docs\assets\index.html-63664060.js", "JavaScript", 0, 0, 0, 0, 0, 0, 1, 0, 0, 0, 0, 1, 2
"f:\Project\工作文件夹\MiraiTravel\docs\assets\index.html-64982bb3.js", "JavaScript", 0, 0, 0, 0, 0, 0, 1, 0, 0, 0, 0, 1, 2
"f:\Project\工作文件夹\MiraiTravel\docs\assets\index.html-69437ba5.js", "JavaScript", 0, 0, 0, 0, 0, 0, 1, 0, 0, 0, 0, 1, 2
"f:\Project\工作文件夹\MiraiTravel\docs\assets\index.html-6aebef01.js", "JavaScript", 0, 0, 0, 0, 0, 0, 1, 0, 0, 0, 0, 1, 2
"f:\Project\工作文件夹\MiraiTravel\docs\assets\index.html-707acc1c.js", "JavaScript", 0, 0, 0, 0, 0, 0, 1, 0, 0, 0, 0, 1, 2
"f:\Project\工作文件夹\MiraiTravel\docs\assets\index.html-720d7cdd.js", "JavaScript", 0, 0, 0, 0, 0, 0, 1, 0, 0, 0, 0, 1, 2
"f:\Project\工作文件夹\MiraiTravel\docs\assets\index.html-82c1f886.js", "JavaScript", 0, 0, 0, 0, 0, 0, 1, 0, 0, 0, 0, 1, 2
"f:\Project\工作文件夹\MiraiTravel\docs\assets\index.html-8f72c246.js", "JavaScript", 0, 0, 0, 0, 0, 0, 1, 0, 0, 0, 0, 1, 2
"f:\Project\工作文件夹\MiraiTravel\docs\assets\index.html-9e0de146.js", "JavaScript", 0, 0, 0, 0, 0, 0, 1, 0, 0, 0, 0, 1, 2
"f:\Project\工作文件夹\MiraiTravel\docs\assets\index.html-a1c71b1c.js", "JavaScript", 0, 0, 0, 0, 0, 0, 1, 0, 0, 0, 0, 1, 2
"f:\Project\工作文件夹\MiraiTravel\docs\assets\index.html-a2839e7b.js", "JavaScript", 0, 0, 0, 0, 0, 0, 1, 0, 0, 0, 0, 1, 2
"f:\Project\工作文件夹\MiraiTravel\docs\assets\index.html-a30997b0.js", "JavaScript", 0, 0, 0, 0, 0, 0, 1, 0, 0, 0, 0, 1, 2
"f:\Project\工作文件夹\MiraiTravel\docs\assets\index.html-a5208492.js", "JavaScript", 0, 0, 0, 0, 0, 0, 1, 0, 0, 0, 0, 1, 2
"f:\Project\工作文件夹\MiraiTravel\docs\assets\index.html-a6bdbb0e.js", "JavaScript", 0, 0, 0, 0, 0, 0, 1, 0, 0, 0, 0, 1, 2
"f:\Project\工作文件夹\MiraiTravel\docs\assets\index.html-b3c84dea.js", "JavaScript", 0, 0, 0, 0, 0, 0, 1, 0, 0, 0, 0, 1, 2
"f:\Project\工作文件夹\MiraiTravel\docs\assets\index.html-b809455c.js", "JavaScript", 0, 0, 0, 0, 0, 0, 1, 0, 0, 0, 0, 1, 2
"f:\Project\工作文件夹\MiraiTravel\docs\assets\index.html-c38d540f.js", "JavaScript", 0, 0, 0, 0, 0, 0, 1, 0, 0, 0, 0, 1, 2
"f:\Project\工作文件夹\MiraiTravel\docs\assets\index.html-c6962f09.js", "JavaScript", 0, 0, 0, 0, 0, 0, 1, 0, 0, 0, 0, 1, 2
"f:\Project\工作文件夹\MiraiTravel\docs\assets\index.html-c8d7656f.js", "JavaScript", 0, 0, 0, 0, 0, 0, 1, 0, 0, 0, 0, 1, 2
"f:\Project\工作文件夹\MiraiTravel\docs\assets\index.html-cc52428b.js", "JavaScript", 0, 0, 0, 0, 0, 0, 1, 0, 0, 0, 0, 1, 2
"f:\Project\工作文件夹\MiraiTravel\docs\assets\index.html-dad55b11.js", "JavaScript", 0, 0, 0, 0, 0, 0, 1, 0, 0, 0, 0, 1, 2
"f:\Project\工作文件夹\MiraiTravel\docs\assets\index.html-df55094c.js", "JavaScript", 0, 0, 0, 0, 0, 0, 1, 0, 0, 0, 0, 1, 2
"f:\Project\工作文件夹\MiraiTravel\docs\assets\index.html-ead36379.js", "JavaScript", 0, 0, 0, 0, 0, 0, 1, 0, 0, 0, 0, 1, 2
"f:\Project\工作文件夹\MiraiTravel\docs\assets\index.html-f270e0cc.js", "JavaScript", 0, 0, 0, 0, 0, 0, 1, 0, 0, 0, 0, 1, 2
"f:\Project\工作文件夹\MiraiTravel\docs\assets\index.html-f54ac595.js", "JavaScript", 0, 0, 0, 0, 0, 0, 1, 0, 0, 0, 0, 1, 2
"f:\Project\工作文件夹\MiraiTravel\docs\assets\index.html-f9b68233.js", "JavaScript", 0, 0, 0, 0, 0, 0, 1, 0, 0, 0, 0, 1, 2
"f:\Project\工作文件夹\MiraiTravel\docs\assets\index.html-f9d0e80a.js", "JavaScript", 0, 0, 0, 0, 0, 0, 1, 0, 0, 0, 0, 1, 2
"f:\Project\工作文件夹\MiraiTravel\docs\assets\style-a2d843df.css", "CSS", 0, 0, 0, 0, 0, 0, 0, 0, 0, 1, 0, 1, 2
"f:\Project\工作文件夹\MiraiTravel\docs\assets\style-d2355f92.css", "CSS", 0, 0, 0, 0, 0, 0, 0, 0, 0, 1, 0, 1, 2
"f:\Project\工作文件夹\MiraiTravel\docs\index.html", "HTML", 0, 0, 0, 0, 33, 0, 0, 0, 0, 0, 0, 1, 34
"f:\Project\工作文件夹\MiraiTravel\docs\manual\adapter\QQ\index.html", "HTML", 0, 0, 0, 0, 33, 0, 0, 0, 0, 0, 0, 1, 34
"f:\Project\工作文件夹\MiraiTravel\docs\manual\adapter\QQ\standard\basic\QQObjInterface.html", "HTML", 0, 0, 0, 0, 60, 0, 0, 0, 0, 0, 0, 1, 61
"f:\Project\工作文件夹\MiraiTravel\docs\manual\adapter\QQ\standard\index.html", "HTML", 0, 0, 0, 0, 33, 0, 0, 0, 0, 0, 0, 1, 34
"f:\Project\工作文件夹\MiraiTravel\docs\manual\adapter\index.html", "HTML", 0, 0, 0, 0, 33, 0, 0, 0, 0, 0, 0, 1, 34
"f:\Project\工作文件夹\MiraiTravel\docs\manual\component\index.html", "HTML", 0, 0, 0, 0, 33, 0, 0, 0, 0, 0, 0, 1, 34
"f:\Project\工作文件夹\MiraiTravel\docs\manual\index.html", "HTML", 0, 0, 0, 0, 33, 0, 0, 0, 0, 0, 0, 1, 34
"f:\Project\工作文件夹\MiraiTravel\docs\manual\plugin\index.html", "HTML", 0, 0, 0, 0, 33, 0, 0, 0, 0, 0, 0, 1, 34
"f:\Project\工作文件夹\MiraiTravel\docs\manual\script\index.html", "HTML", 0, 0, 0, 0, 33, 0, 0, 0, 0, 0, 0, 1, 34
"f:\Project\工作文件夹\MiraiTravel\docs\markdown\Component.md", "Markdown", 6, 0, 0, 0, 0, 0, 0, 0, 0, 0, 0, 8, 14
"f:\Project\工作文件夹\MiraiTravel\docs\markdown\MiraiTravel.md", "Markdown", 29, 0, 0, 0, 0, 0, 0, 0, 0, 0, 0, 10, 39
"f:\Project\工作文件夹\MiraiTravel\docs\markdown\Plugin.md", "Markdown", 28, 0, 0, 0, 0, 0, 0, 0, 0, 0, 0, 7, 35
"f:\Project\工作文件夹\MiraiTravel\docs\markdown\QQBot.md", "Markdown", 55, 0, 0, 0, 0, 0, 0, 0, 0, 0, 0, 15, 70
"f:\Project\工作文件夹\MiraiTravel\docs\markdown\QQBot\QQBot手册.md", "Markdown", 47, 0, 0, 0, 0, 0, 0, 0, 0, 0, 0, 15, 62
"f:\Project\工作文件夹\MiraiTravel\docs\markdown\System.md", "Markdown", 8, 0, 0, 0, 0, 0, 0, 0, 0, 0, 0, 4, 12
"f:\Project\工作文件夹\MiraiTravel\docs\markdown\System\开放对象.md", "Markdown", 3, 0, 0, 0, 0, 0, 0, 0, 0, 0, 0, 5, 8
"f:\Project\工作文件夹\MiraiTravel\docs\study\adapter\index.html", "HTML", 0, 0, 0, 0, 33, 0, 0, 0, 0, 0, 0, 1, 34
"f:\Project\工作文件夹\MiraiTravel\docs\study\advice\index.html", "HTML", 0, 0, 0, 0, 33, 0, 0, 0, 0, 0, 0, 1, 34
"f:\Project\工作文件夹\MiraiTravel\docs\study\component\index.html", "HTML", 0, 0, 0, 0, 33, 0, 0, 0, 0, 0, 0, 1, 34
"f:\Project\工作文件夹\MiraiTravel\docs\study\consoleDesk\index.html", "HTML", 0, 0, 0, 0, 33, 0, 0, 0, 0, 0, 0, 1, 34
"f:\Project\工作文件夹\MiraiTravel\docs\study\course\mirai\index.html", "HTML", 0, 0, 0, 0, 33, 0, 0, 0, 0, 0, 0, 1, 34
"f:\Project\工作文件夹\MiraiTravel\docs\study\index.html", "HTML", 0, 0, 0, 0, 33, 0, 0, 0, 0, 0, 0, 1, 34
"f:\Project\工作文件夹\MiraiTravel\docs\study\plugin\index.html", "HTML", 0, 0, 0, 0, 33, 0, 0, 0, 0, 0, 0, 1, 34
"f:\Project\工作文件夹\MiraiTravel\docs\study\script\index.html", "HTML", 0, 0, 0, 0, 33, 0, 0, 0, 0, 0, 0, 1, 34
"f:\Project\工作文件夹\MiraiTravel\logs\Script\QQ\2771717841\script.log", "Log", 0, 0, 102, 0, 0, 0, 0, 0, 0, 0, 0, 0, 102
"f:\Project\工作文件夹\MiraiTravel\logs\Script\QQ\2771717841\sendMessage.log", "Log", 0, 0, 31, 0, 0, 0, 0, 0, 0, 0, 0, 26, 57
"f:\Project\工作文件夹\MiraiTravel\logs\Script\QQ\2771717841\webhook.log", "Log", 0, 0, 124, 0, 0, 0, 0, 0, 0, 0, 0, 0, 124
"f:\Project\工作文件夹\MiraiTravel\logs\httpAdapter.log", "Log", 0, 0, 90, 0, 0, 0, 0, 0, 0, 0, 0, 0, 90
"f:\Project\工作文件夹\MiraiTravel\logs\miraiApiHttp.log", "Log", 0, 0, 60, 0, 0, 0, 0, 0, 0, 0, 0, 0, 60
"f:\Project\工作文件夹\MiraiTravel\logs\miraiTravel.log", "Log", 0, 0, 2, 0, 0, 0, 0, 0, 0, 0, 0, 0, 2
"f:\Project\工作文件夹\MiraiTravel\logs\webhook.log", "Log", 0, 0, 56, 0, 0, 0, 0, 0, 0, 0, 0, 1, 57
"f:\Project\工作文件夹\MiraiTravel\plugins\QQ\bilibiliFans\V0.1.0\bilibiliFans.php", "PHP", 0, 0, 0, 0, 0, 0, 0, 58, 0, 0, 0, 12, 70
"f:\Project\工作文件夹\MiraiTravel\plugins\QQ\bilibiliFans\V0.1.0\config.json", "JSON", 0, 8, 0, 0, 0, 0, 0, 0, 0, 0, 0, 0, 8
"f:\Project\工作文件夹\MiraiTravel\plugins\QQ\groupManager\V0.1.0\config.json", "JSON", 0, 10, 0, 0, 0, 0, 0, 0, 0, 0, 0, 0, 10
"f:\Project\工作文件夹\MiraiTravel\plugins\QQ\groupManager\V0.1.0\groupManager.php", "PHP", 0, 0, 0, 0, 0, 0, 0, 100, 0, 0, 3, 15, 118
"f:\Project\工作文件夹\MiraiTravel\plugins\QQ\runoobC\V0.1.0\README.md", "Markdown", 5, 0, 0, 0, 0, 0, 0, 0, 0, 0, 0, 4, 9
"f:\Project\工作文件夹\MiraiTravel\plugins\QQ\runoobC\V0.1.0\config.json", "JSON", 0, 10, 0, 0, 0, 0, 0, 0, 0, 0, 0, 0, 10
"f:\Project\工作文件夹\MiraiTravel\plugins\QQ\runoobC\V0.1.0\runoobC.php", "PHP", 0, 0, 0, 0, 0, 0, 0, 125, 0, 0, 0, 14, 139
"f:\Project\工作文件夹\MiraiTravel\public\index.php", "PHP", 0, 0, 0, 0, 0, 0, 0, 35, 0, 0, 4, 6, 45
"f:\Project\工作文件夹\MiraiTravel\public\miraiWebhook.php", "PHP", 0, 0, 0, 0, 0, 0, 0, 64, 0, 0, 7, 14, 85
"f:\Project\工作文件夹\MiraiTravel\script\Administrator\QQ.php", "PHP", 0, 0, 0, 0, 0, 0, 0, 0, 0, 0, 0, 1, 1
"f:\Project\工作文件夹\MiraiTravel\script\President\QQ.php", "PHP", 0, 0, 0, 0, 0, 0, 0, 13, 0, 0, 10, 6, 29
"f:\Project\工作文件夹\MiraiTravel\script\QQ\2771717841.php", "PHP", 0, 0, 0, 0, 0, 0, 0, 38, 0, 0, 49, 15, 102
"f:\Project\工作文件夹\MiraiTravel\script\email\eMail01.php", "PHP", 0, 0, 0, 0, 0, 0, 0, 0, 0, 0, 0, 1, 1
"f:\Project\工作文件夹\MiraiTravel\script\email\eMail01\config.json", "JSON", 0, 0, 0, 0, 0, 0, 0, 0, 0, 0, 0, 1, 1
"f:\Project\工作文件夹\MiraiTravel\vuepress\README.md", "Markdown", 9, 0, 0, 0, 0, 0, 0, 0, 0, 0, 0, 3, 12
"f:\Project\工作文件夹\MiraiTravel\vuepress\docs-primary\.vuepress\.cache\deps\@vue_devtools-api.js", "JavaScript", 0, 0, 0, 0, 0, 0, 10, 0, 0, 0, 1, 1, 12
"f:\Project\工作文件夹\MiraiTravel\vuepress\docs-primary\.vuepress\.cache\deps\@vuepress_shared.js", "JavaScript", 0, 0, 0, 0, 0, 0, 104, 0, 0, 0, 2, 2, 108
"f:\Project\工作文件夹\MiraiTravel\vuepress\docs-primary\.vuepress\.cache\deps\_metadata.json", "JSON", 0, 41, 0, 0, 0, 0, 0, 0, 0, 0, 0, 0, 41
"f:\Project\工作文件夹\MiraiTravel\vuepress\docs-primary\.vuepress\.cache\deps\chunk-AWA6B2ZS.js", "JavaScript", 0, 0, 0, 0, 0, 0, 9065, 0, 0, 0, 241, 7, 9313
"f:\Project\工作文件夹\MiraiTravel\vuepress\docs-primary\.vuepress\.cache\deps\chunk-JXWQMH7G.js", "JavaScript", 0, 0, 0, 0, 0, 0, 288, 0, 0, 0, 3, 2, 293
"f:\Project\工作文件夹\MiraiTravel\vuepress\docs-primary\.vuepress\.cache\deps\chunk-RFQTXRIF.js", "JavaScript", 0, 0, 0, 0, 0, 0, 152, 0, 0, 0, 6, 6, 164
"f:\Project\工作文件夹\MiraiTravel\vuepress\docs-primary\.vuepress\.cache\deps\package.json", "JSON", 0, 1, 0, 0, 0, 0, 0, 0, 0, 0, 0, 0, 1
"f:\Project\工作文件夹\MiraiTravel\vuepress\docs-primary\.vuepress\.cache\deps\vue-router.js", "JavaScript", 0, 0, 0, 0, 0, 0, 2551, 0, 0, 0, 98, 5, 2654
"f:\Project\工作文件夹\MiraiTravel\vuepress\docs-primary\.vuepress\.cache\deps\vue.js", "JavaScript", 0, 0, 0, 0, 0, 0, 298, 0, 0, 0, 1, 1, 300
"f:\Project\工作文件夹\MiraiTravel\vuepress\docs-primary\.vuepress\.temp\internal\clientConfigs.js", "JavaScript", 0, 0, 0, 0, 0, 0, 16, 0, 0, 0, 0, 2, 18
"f:\Project\工作文件夹\MiraiTravel\vuepress\docs-primary\.vuepress\.temp\internal\pagesComponents.js", "JavaScript", 0, 0, 0, 0, 0, 0, 22, 0, 0, 0, 19, 2, 43
"f:\Project\工作文件夹\MiraiTravel\vuepress\docs-primary\.vuepress\.temp\internal\pagesData.js", "JavaScript", 0, 0, 0, 0, 0, 0, 21, 0, 0, 0, 19, 1, 41
"f:\Project\工作文件夹\MiraiTravel\vuepress\docs-primary\.vuepress\.temp\internal\pagesRoutes.js", "JavaScript", 0, 0, 0, 0, 0, 0, 21, 0, 0, 0, 0, 1, 22
"f:\Project\工作文件夹\MiraiTravel\vuepress\docs-primary\.vuepress\.temp\internal\siteData.js", "JavaScript", 0, 0, 0, 0, 0, 0, 1, 0, 0, 0, 0, 1, 2
"f:\Project\工作文件夹\MiraiTravel\vuepress\docs-primary\.vuepress\.temp\internal\themeData.js", "JavaScript", 0, 0, 0, 0, 0, 0, 1, 0, 0, 0, 0, 1, 2
"f:\Project\工作文件夹\MiraiTravel\vuepress\docs-primary\.vuepress\.temp\pages\404.html.js", "JavaScript", 0, 0, 0, 0, 0, 0, 1, 0, 0, 0, 0, 1, 2
"f:\Project\工作文件夹\MiraiTravel\vuepress\docs-primary\.vuepress\.temp\pages\announcement\index.html.js", "JavaScript", 0, 0, 0, 0, 0, 0, 1, 0, 0, 0, 0, 1, 2
"f:\Project\工作文件夹\MiraiTravel\vuepress\docs-primary\.vuepress\.temp\pages\docs\index.html.js", "JavaScript", 0, 0, 0, 0, 0, 0, 12, 0, 0, 0, 0, 3, 15
"f:\Project\工作文件夹\MiraiTravel\vuepress\docs-primary\.vuepress\.temp\pages\docs\manual\adpter\QQ\standardApter\index.html.js", "JavaScript", 0, 0, 0, 0, 0, 0, 12, 0, 0, 0, 0, 3, 15
"f:\Project\工作文件夹\MiraiTravel\vuepress\docs-primary\.vuepress\.temp\pages\docs\manual\adpter\index.html.js", "JavaScript", 0, 0, 0, 0, 0, 0, 12, 0, 0, 0, 0, 3, 15
"f:\Project\工作文件夹\MiraiTravel\vuepress\docs-primary\.vuepress\.temp\pages\docs\manual\component\index.html.js", "JavaScript", 0, 0, 0, 0, 0, 0, 12, 0, 0, 0, 0, 3, 15
"f:\Project\工作文件夹\MiraiTravel\vuepress\docs-primary\.vuepress\.temp\pages\docs\manual\index.html.js", "JavaScript", 0, 0, 0, 0, 0, 0, 12, 0, 0, 0, 0, 3, 15
"f:\Project\工作文件夹\MiraiTravel\vuepress\docs-primary\.vuepress\.temp\pages\docs\manual\plugin\index.html.js", "JavaScript", 0, 0, 0, 0, 0, 0, 12, 0, 0, 0, 0, 3, 15
"f:\Project\工作文件夹\MiraiTravel\vuepress\docs-primary\.vuepress\.temp\pages\docs\manual\script\index.html.js", "JavaScript", 0, 0, 0, 0, 0, 0, 12, 0, 0, 0, 0, 3, 15
"f:\Project\工作文件夹\MiraiTravel\vuepress\docs-primary\.vuepress\.temp\pages\docs\plugin\index.html.js", "JavaScript", 0, 0, 0, 0, 0, 0, 12, 0, 0, 0, 0, 3, 15
"f:\Project\工作文件夹\MiraiTravel\vuepress\docs-primary\.vuepress\.temp\pages\docs\study\adpter\index.html.js", "JavaScript", 0, 0, 0, 0, 0, 0, 12, 0, 0, 0, 0, 3, 15
"f:\Project\工作文件夹\MiraiTravel\vuepress\docs-primary\.vuepress\.temp\pages\docs\study\advice\index.html.js", "JavaScript", 0, 0, 0, 0, 0, 0, 12, 0, 0, 0, 0, 3, 15
"f:\Project\工作文件夹\MiraiTravel\vuepress\docs-primary\.vuepress\.temp\pages\docs\study\component\index.html.js", "JavaScript", 0, 0, 0, 0, 0, 0, 12, 0, 0, 0, 0, 3, 15
"f:\Project\工作文件夹\MiraiTravel\vuepress\docs-primary\.vuepress\.temp\pages\docs\study\consoleDesk\index.html.js", "JavaScript", 0, 0, 0, 0, 0, 0, 12, 0, 0, 0, 0, 3, 15
"f:\Project\工作文件夹\MiraiTravel\vuepress\docs-primary\.vuepress\.temp\pages\docs\study\course\mirai\index.html.js", "JavaScript", 0, 0, 0, 0, 0, 0, 12, 0, 0, 0, 0, 3, 15
"f:\Project\工作文件夹\MiraiTravel\vuepress\docs-primary\.vuepress\.temp\pages\docs\study\index.html.js", "JavaScript", 0, 0, 0, 0, 0, 0, 12, 0, 0, 0, 0, 3, 15
"f:\Project\工作文件夹\MiraiTravel\vuepress\docs-primary\.vuepress\.temp\pages\docs\study\plugin\index.html.js", "JavaScript", 0, 0, 0, 0, 0, 0, 12, 0, 0, 0, 0, 3, 15
"f:\Project\工作文件夹\MiraiTravel\vuepress\docs-primary\.vuepress\.temp\pages\docs\study\script\index.html.js", "JavaScript", 0, 0, 0, 0, 0, 0, 12, 0, 0, 0, 0, 3, 15
"f:\Project\工作文件夹\MiraiTravel\vuepress\docs-primary\.vuepress\.temp\pages\foo\index.html.js", "JavaScript", 0, 0, 0, 0, 0, 0, 12, 0, 0, 0, 0, 3, 15
"f:\Project\工作文件夹\MiraiTravel\vuepress\docs-primary\.vuepress\.temp\pages\index.html.js", "JavaScript", 0, 0, 0, 0, 0, 0, 1, 0, 0, 0, 0, 1, 2
"f:\Project\工作文件夹\MiraiTravel\vuepress\docs-primary\.vuepress\.temp\pages\manual\adapter\QQ\index.html.js", "JavaScript", 0, 0, 0, 0, 0, 0, 1, 0, 0, 0, 0, 1, 2
"f:\Project\工作文件夹\MiraiTravel\vuepress\docs-primary\.vuepress\.temp\pages\manual\adapter\QQ\standardApter\index.html.js", "JavaScript", 0, 0, 0, 0, 0, 0, 12, 0, 0, 0, 0, 3, 15
"f:\Project\工作文件夹\MiraiTravel\vuepress\docs-primary\.vuepress\.temp\pages\manual\adapter\QQ\standard\basic\QQObjInterface.html.js", "JavaScript", 0, 0, 0, 0, 0, 0, 1, 0, 0, 0, 0, 1, 2
"f:\Project\工作文件夹\MiraiTravel\vuepress\docs-primary\.vuepress\.temp\pages\manual\adapter\QQ\standard\index.html.js", "JavaScript", 0, 0, 0, 0, 0, 0, 1, 0, 0, 0, 0, 1, 2
"f:\Project\工作文件夹\MiraiTravel\vuepress\docs-primary\.vuepress\.temp\pages\manual\adapter\index.html.js", "JavaScript", 0, 0, 0, 0, 0, 0, 1, 0, 0, 0, 0, 1, 2
"f:\Project\工作文件夹\MiraiTravel\vuepress\docs-primary\.vuepress\.temp\pages\manual\adpter\QQ\standardApter\index.html.js", "JavaScript", 0, 0, 0, 0, 0, 0, 12, 0, 0, 0, 0, 3, 15
"f:\Project\工作文件夹\MiraiTravel\vuepress\docs-primary\.vuepress\.temp\pages\manual\adpter\index.html.js", "JavaScript", 0, 0, 0, 0, 0, 0, 12, 0, 0, 0, 0, 3, 15
"f:\Project\工作文件夹\MiraiTravel\vuepress\docs-primary\.vuepress\.temp\pages\manual\component\index.html.js", "JavaScript", 0, 0, 0, 0, 0, 0, 1, 0, 0, 0, 0, 1, 2
"f:\Project\工作文件夹\MiraiTravel\vuepress\docs-primary\.vuepress\.temp\pages\manual\index.html.js", "JavaScript", 0, 0, 0, 0, 0, 0, 1, 0, 0, 0, 0, 1, 2
"f:\Project\工作文件夹\MiraiTravel\vuepress\docs-primary\.vuepress\.temp\pages\manual\plugin\index.html.js", "JavaScript", 0, 0, 0, 0, 0, 0, 1, 0, 0, 0, 0, 1, 2
"f:\Project\工作文件夹\MiraiTravel\vuepress\docs-primary\.vuepress\.temp\pages\manual\script\index.html.js", "JavaScript", 0, 0, 0, 0, 0, 0, 1, 0, 0, 0, 0, 1, 2
"f:\Project\工作文件夹\MiraiTravel\vuepress\docs-primary\.vuepress\.temp\pages\plugin\index.html.js", "JavaScript", 0, 0, 0, 0, 0, 0, 12, 0, 0, 0, 0, 3, 15
"f:\Project\工作文件夹\MiraiTravel\vuepress\docs-primary\.vuepress\.temp\pages\study\adapter\index.html.js", "JavaScript", 0, 0, 0, 0, 0, 0, 1, 0, 0, 0, 0, 1, 2
"f:\Project\工作文件夹\MiraiTravel\vuepress\docs-primary\.vuepress\.temp\pages\study\adpter\index.html.js", "JavaScript", 0, 0, 0, 0, 0, 0, 12, 0, 0, 0, 0, 3, 15
"f:\Project\工作文件夹\MiraiTravel\vuepress\docs-primary\.vuepress\.temp\pages\study\advice\index.html.js", "JavaScript", 0, 0, 0, 0, 0, 0, 1, 0, 0, 0, 0, 1, 2
"f:\Project\工作文件夹\MiraiTravel\vuepress\docs-primary\.vuepress\.temp\pages\study\component\index.html.js", "JavaScript", 0, 0, 0, 0, 0, 0, 1, 0, 0, 0, 0, 1, 2
"f:\Project\工作文件夹\MiraiTravel\vuepress\docs-primary\.vuepress\.temp\pages\study\consoleDesk\index.html.js", "JavaScript", 0, 0, 0, 0, 0, 0, 1, 0, 0, 0, 0, 1, 2
"f:\Project\工作文件夹\MiraiTravel\vuepress\docs-primary\.vuepress\.temp\pages\study\course\mirai\index.html.js", "JavaScript", 0, 0, 0, 0, 0, 0, 1, 0, 0, 0, 0, 1, 2
"f:\Project\工作文件夹\MiraiTravel\vuepress\docs-primary\.vuepress\.temp\pages\study\index.html.js", "JavaScript", 0, 0, 0, 0, 0, 0, 1, 0, 0, 0, 0, 1, 2
"f:\Project\工作文件夹\MiraiTravel\vuepress\docs-primary\.vuepress\.temp\pages\study\plugin\index.html.js", "JavaScript", 0, 0, 0, 0, 0, 0, 1, 0, 0, 0, 0, 1, 2
"f:\Project\工作文件夹\MiraiTravel\vuepress\docs-primary\.vuepress\.temp\pages\study\script\index.html.js", "JavaScript", 0, 0, 0, 0, 0, 0, 1, 0, 0, 0, 0, 1, 2
"f:\Project\工作文件夹\MiraiTravel\vuepress\docs-primary\.vuepress\.temp\styles\index.scss", "SCSS", 0, 0, 0, 0, 0, 0, 0, 0, 0, 0, 0, 1, 1
"f:\Project\工作文件夹\MiraiTravel\vuepress\docs-primary\.vuepress\.temp\styles\palette.scss", "SCSS", 0, 0, 0, 0, 0, 0, 0, 0, 0, 0, 0, 1, 1
"f:\Project\工作文件夹\MiraiTravel\vuepress\docs-primary\.vuepress\.temp\vite-root\index.html", "HTML", 0, 0, 0, 0, 13, 0, 0, 0, 0, 0, 0, 1, 14
"f:\Project\工作文件夹\MiraiTravel\vuepress\docs-primary\.vuepress\config.ts", "TypeScript", 0, 0, 0, 0, 0, 85, 0, 0, 0, 0, 2, 3, 90
"f:\Project\工作文件夹\MiraiTravel\vuepress\docs-primary\announcement\index.md", "Markdown", 43, 0, 0, 0, 0, 0, 0, 0, 0, 0, 0, 15, 58
"f:\Project\工作文件夹\MiraiTravel\vuepress\docs-primary\index.md", "Markdown", 30, 0, 0, 0, 0, 0, 0, 0, 0, 0, 0, 2, 32
"f:\Project\工作文件夹\MiraiTravel\vuepress\docs-primary\manual\adapter\QQ\index.md", "Markdown", 22, 0, 0, 0, 0, 0, 0, 0, 0, 0, 0, 1, 23
"f:\Project\工作文件夹\MiraiTravel\vuepress\docs-primary\manual\adapter\QQ\standard\basic\QQObjInterface.md", "Markdown", 130, 0, 0, 0, 0, 0, 0, 0, 0, 0, 0, 33, 163
"f:\Project\工作文件夹\MiraiTravel\vuepress\docs-primary\manual\adapter\QQ\standard\index.md", "Markdown", 5, 0, 0, 0, 0, 0, 0, 0, 0, 0, 0, 4, 9
"f:\Project\工作文件夹\MiraiTravel\vuepress\docs-primary\manual\adapter\index.md", "Markdown", 22, 0, 0, 0, 0, 0, 0, 0, 0, 0, 0, 1, 23
"f:\Project\工作文件夹\MiraiTravel\vuepress\docs-primary\manual\component\index.md", "Markdown", 0, 0, 0, 0, 0, 0, 0, 0, 0, 0, 0, 1, 1
"f:\Project\工作文件夹\MiraiTravel\vuepress\docs-primary\manual\index.md", "Markdown", 43, 0, 0, 0, 0, 0, 0, 0, 0, 0, 0, 1, 44
"f:\Project\工作文件夹\MiraiTravel\vuepress\docs-primary\manual\plugin\index.md", "Markdown", 0, 0, 0, 0, 0, 0, 0, 0, 0, 0, 0, 1, 1
"f:\Project\工作文件夹\MiraiTravel\vuepress\docs-primary\manual\script\index.md", "Markdown", 0, 0, 0, 0, 0, 0, 0, 0, 0, 0, 0, 1, 1
"f:\Project\工作文件夹\MiraiTravel\vuepress\docs-primary\study\adapter\index.md", "Markdown", 0, 0, 0, 0, 0, 0, 0, 0, 0, 0, 0, 1, 1
"f:\Project\工作文件夹\MiraiTravel\vuepress\docs-primary\study\advice\index.md", "Markdown", 20, 0, 0, 0, 0, 0, 0, 0, 0, 0, 0, 10, 30
"f:\Project\工作文件夹\MiraiTravel\vuepress\docs-primary\study\component\index.md", "Markdown", 0, 0, 0, 0, 0, 0, 0, 0, 0, 0, 0, 1, 1
"f:\Project\工作文件夹\MiraiTravel\vuepress\docs-primary\study\consoleDesk\index.md", "Markdown", 0, 0, 0, 0, 0, 0, 0, 0, 0, 0, 0, 1, 1
"f:\Project\工作文件夹\MiraiTravel\vuepress\docs-primary\study\course\mirai\index.md", "Markdown", 0, 0, 0, 0, 0, 0, 0, 0, 0, 0, 0, 1, 1
"f:\Project\工作文件夹\MiraiTravel\vuepress\docs-primary\study\index.md", "Markdown", 15, 0, 0, 0, 0, 0, 0, 0, 0, 0, 0, 7, 22
"f:\Project\工作文件夹\MiraiTravel\vuepress\docs-primary\study\plugin\index.md", "Markdown", 0, 0, 0, 0, 0, 0, 0, 0, 0, 0, 0, 1, 1
"f:\Project\工作文件夹\MiraiTravel\vuepress\docs-primary\study\script\index.md", "Markdown", 0, 0, 0, 0, 0, 0, 0, 0, 0, 0, 0, 1, 1
"f:\Project\工作文件夹\MiraiTravel\vuepress\package.json", "JSON", 0, 5, 0, 0, 0, 0, 0, 0, 0, 0, 0, 1, 6
"f:\Project\工作文件夹\MiraiTravel\vuepress\yarn-error.log", "Log", 0, 0, 19, 0, 0, 0, 0, 0, 0, 0, 0, 9, 28
"Total", "-", 3626, 96, 484, 0, 667, 85, 12946, 5153, 1, 2, 3426, 1754, 28240